model,rmse,mae,r2,mape
Ridge (weather-only),886.527052362816,765.9156943383869,0.41311363646488,9.60459927467332
Ridge (full features),0.0003413087148902996,0.0002671810357533092,0.999999999999913,3.463345684814202e-06
Lasso (full),0.3284150379426656,0.2501623060289801,0.9999999194591696,0.003209442720645655
ElasticNet (full),10.165896260485225,7.912538541608474,0.9999228277112605,0.10139729521700493
SARIMAX (daily),604.5936594000837,489.1115228072503,0.5423397671940808,6.018255222886587
XGBoost,144.73698505101572,44.1522600393473,0.984356674680368,0.4584329077970054
PatchTST,227.7702893910561,154.75019391274157,0.9612595922307594,1.86101053853486
